City_ID,City,Lat,Lng,Max Temp,Humidity,Cloudiness,Wind Speed,Country,Date
0,port-aux-francais,-49.35,70.2167,5.01,95,100,18.87,TF,1727745335
1,tegueste,28.5167,-16.3167,19.81,87,75,7.72,ES,1727745336
2,princeville,45.7668,-61.2985,14.06,89,98,1.34,CA,1727745337
3,puerto natales,-51.7236,-72.4875,2.9,88,100,5.17,CL,1727745338
4,gaspe,48.8334,-64.4819,8.29,73,1,2.45,CA,1727745339
5,abepura,-2.6333,140.5833,31.45,58,20,2.06,ID,1727745342
6,bilibino,68.0546,166.4372,0.21,94,100,0.86,RU,1727745343
7,tolanaro,-25.0319,46.9987,20.47,91,88,4.39,MG,1727745344
8,dhanera,24.5167,72.0167,26.66,85,0,2.16,IN,1727745345
9,mugia,43.1041,-9.2179,19.95,98,100,7.91,ES,1727745346
10,port mathurin,-19.6833,63.4167,22.33,78,2,9.59,MU,1727745347
11,bodaybo,57.8506,114.1933,3.29,96,100,2.89,RU,1727745348
12,luena,-11.7833,19.9167,17.84,76,97,2.05,AO,1727745349
13,edinburgh of the seven seas,-37.0676,-12.3116,12.75,79,5,4.53,SH,1727745350
14,waitangi,-43.9535,-176.5597,12.68,75,96,3.13,NZ,1727745351
15,banda aceh,5.5577,95.3222,27.37,80,100,2.36,ID,1727745353
16,vernon,50.2581,-119.2691,14.4,44,100,0.45,CA,1727745354
17,praia,14.9215,-23.5087,26.3,89,40,3.09,CV,1727745355
18,lihue,21.9789,-159.3672,28.77,72,100,3.6,US,1727745213
19,loikaw,19.6742,97.2094,21.43,98,100,1.15,MM,1727745357
20,al bawiti,28.3492,28.8659,21.62,60,0,4.03,EG,1727745358
21,magistral'nyy,56.1725,107.4458,3.57,97,100,3.43,RU,1727745359
22,bethel,41.3712,-73.414,16.2,86,0,0.45,US,1727745162
23,puerto ayora,-0.7393,-90.3518,20.31,93,98,3.58,EC,1727745361
24,khanty-mansiysk,61.0042,69.0019,10.06,66,0,3.0,RU,1727745363
25,ribeira grande,38.5167,-28.7,24.32,96,100,7.15,PT,1727745364
26,adamstown,-25.066,-130.1015,19.49,65,100,4.46,PN,1727745365
27,fale old settlement,-9.3852,-171.2468,27.71,77,100,3.86,TK,1727745366
28,ust-nera,64.5667,143.2,-1.25,73,78,1.4,RU,1727745367
29,blackmans bay,-43.0167,147.3167,15.07,46,7,2.68,AU,1727745368
30,margate,51.3813,1.3862,12.15,83,100,1.34,GB,1727745369
31,kodiak,57.79,-152.4072,10.73,58,20,5.14,US,1727745370
32,demre,36.2537,29.9777,20.93,54,94,1.6,TR,1727745371
33,invercargill,-46.4,168.35,13.9,71,100,2.68,NZ,1727745372
34,luderitz,-26.6481,15.1594,11.56,58,0,6.63,NA,1727745373
35,port douglas,-16.4833,145.4667,25.4,66,5,2.3,AU,1727745374
36,ulaangom,49.9811,92.0667,4.3,47,67,0.73,MN,1727745377
37,nabisar,25.0685,69.6419,26.82,77,0,5.21,PK,1727745378
38,ma'ili,21.4219,-158.1803,28.39,75,100,4.12,US,1727745379
39,codrington,-38.2667,141.9667,14.76,68,9,7.15,AU,1727745380
40,whitehorse,60.7161,-135.0538,6.17,56,100,4.47,CA,1727745219
41,constantia,44.1833,28.65,9.38,92,100,13.4,RO,1727745382
42,pascagoula,30.3658,-88.5561,26.0,78,0,0.0,US,1727745383
43,kalispell,48.1958,-114.3129,14.02,30,0,4.12,US,1727745385
44,saint-joseph,-21.3667,55.6167,19.21,75,17,5.5,RE,1727745386
45,sao vicente,-23.9631,-46.3919,22.75,26,0,0.89,BR,1727745387
46,qaqortoq,60.7167,-46.0333,3.82,97,100,1.36,GL,1727745388
47,stanley,54.868,-1.6985,11.27,95,75,5.14,GB,1727745389
48,watampone,-4.5386,120.3279,29.98,62,100,4.7,ID,1727745390
49,celestun,20.8667,-90.4,25.73,90,100,4.33,MX,1727745391
50,gerze,41.8036,35.2011,16.03,77,89,3.64,TR,1727745392
51,manhush,47.0558,37.3107,16.31,56,0,9.54,UA,1727745393
52,carnarvon,-24.8667,113.6333,21.26,68,0,5.06,AU,1727745394
53,iqaluit,63.7506,-68.5145,3.65,81,100,3.19,CA,1727745395
54,jacksonville,30.3322,-81.6556,27.22,91,40,1.54,US,1727745334
55,tura,25.5198,90.2201,24.61,97,100,1.55,IN,1727745398
56,grytviken,-54.2811,-36.5092,-3.02,73,15,4.68,GS,1727745399
57,susuman,62.7833,148.1667,-1.51,53,74,1.03,RU,1727745400
58,hamilton,39.1834,-84.5333,21.56,92,100,1.54,US,1727745401
59,kapuskasing,49.4169,-82.4331,13.84,64,99,3.88,CA,1727745402
60,udachny,66.4167,112.4,0.38,98,100,2.23,RU,1727745403
61,vila franca do campo,37.7167,-25.4333,24.23,94,34,4.73,PT,1727745404
62,carbonear,47.7332,-53.2148,12.97,92,100,3.54,CA,1727745405
63,grybow,49.6244,20.948,4.82,78,0,1.08,PL,1727745406
64,ketchikan,55.3422,-131.6461,11.3,37,100,12.86,US,1727745407
65,ilulissat,69.2167,-51.1,4.01,93,100,3.09,GL,1727745410
66,ploneour-lanvern,47.9,-4.2833,12.18,100,100,2.06,FR,1727745411
67,olonkinbyen,70.9221,-8.7187,-1.44,64,100,5.72,SJ,1727745412
68,minas de marcona,-15.2119,-75.1103,12.14,91,100,5.84,PE,1727745413
69,keflavik,64.0049,-22.5624,4.24,81,100,3.6,IS,1727745414
70,albany,42.6001,-73.9662,18.58,74,100,1.58,US,1727745415
71,alice springs,-23.7,133.8833,19.75,24,100,7.2,AU,1727745192
72,east london,-33.0153,27.9116,12.66,55,24,10.13,ZA,1727745417
73,okhotsk,59.3833,143.3,6.17,48,98,1.06,RU,1727745418
74,yeppoon,-23.1333,150.7333,22.99,75,47,7.96,AU,1727745420
75,izhevsk,56.85,53.2333,9.51,78,23,0.45,RU,1727745402
76,tamiahua,21.2667,-97.45,25.66,77,9,2.11,MX,1727745422
77,teays valley,38.4501,-81.9293,20.51,82,32,1.52,US,1727745423
78,boise,43.6135,-116.2035,19.3,23,0,4.12,US,1727745169
79,papatowai,-46.5619,169.4708,16.08,44,97,3.02,NZ,1727745425
80,gosaba,22.165,88.7998,28.02,87,100,1.82,IN,1727745426
81,coquimbo,-29.9533,-71.3436,11.85,74,0,1.03,CL,1727745427
82,tacna,-18.0056,-70.2483,13.11,94,100,2.06,PE,1727745428
83,tommot,58.9564,126.2925,2.55,96,100,5.47,RU,1727745431
84,souillac,-20.5167,57.5167,22.21,78,40,5.66,MU,1727745432
85,cabo san lucas,22.8909,-109.9124,28.17,69,0,2.06,MX,1727745363
86,enewetak,11.3474,162.3373,29.02,75,14,5.2,MH,1727745435
87,aasiaat,68.7098,-52.8699,2.96,82,91,1.39,GL,1727745436
88,thunder bay,48.4001,-89.3168,15.88,81,9,1.86,CA,1727745438
89,tiksi,71.6872,128.8694,-5.04,92,100,1.73,RU,1727745439
90,pudozh,61.8099,36.5345,2.15,86,0,0.39,RU,1727745441
91,prince rupert,54.3161,-130.3201,11.83,76,100,22.64,CA,1727745442
92,alofi,-19.0595,-169.9187,25.94,61,75,7.72,NU,1727745443
93,manavalakurichi,8.1333,77.3,24.91,97,65,1.61,IN,1727745444
94,argo,37.6333,22.7333,18.34,71,0,1.28,GR,1727745306
95,la passe,45.5549,-0.8967,15.98,87,99,1.51,FR,1727745447
96,gadzhiyevo,69.2551,33.3362,1.63,78,89,6.22,RU,1727745448
97,fortaleza,-3.7227,-38.5247,27.82,86,20,8.23,BR,1727745449
98,gassol,8.5333,10.4667,23.37,95,89,2.13,NG,1727745450
99,fort mcmurray,56.7268,-111.381,8.78,43,0,2.73,CA,1727745396
100,fort bragg,35.139,-79.006,23.79,94,100,2.06,US,1727745453
101,isafjordur,66.0755,-23.124,2.49,89,100,5.84,IS,1727745454
102,nueva gerona,21.8833,-82.8,28.46,80,99,4.17,CU,1727745455
103,thompson,55.7435,-97.8558,4.09,93,100,9.26,CA,1727745456
104,nuuk,64.1835,-51.7216,2.34,100,100,11.83,GL,1727745457
105,happy valley-goose bay,53.3168,-60.3315,6.57,77,4,0.64,CA,1727745458
106,el bauga,18.262,33.9081,31.41,40,5,4.84,SD,1727745459
107,cartagena,10.3997,-75.5144,26.79,83,40,2.06,CO,1727745460
108,hopelchen,19.7667,-89.85,23.57,99,82,1.68,MX,1727745461
109,longyearbyen,78.2186,15.6401,-2.09,100,20,3.6,SJ,1727745462
110,caleta de carquin,-11.0925,-77.6267,17.7,87,93,5.29,PE,1727745463
111,nar'yan-mar,67.6713,53.087,4.26,73,100,12.09,RU,1727745464
112,avarua,-21.2078,-159.775,24.03,60,40,2.57,CK,1727745466
113,chernyshevskiy,63.0128,112.4714,3.07,98,100,4.06,RU,1727745467
114,hawaiian paradise park,19.5933,-154.9731,27.73,76,40,4.12,US,1727745468
115,ushuaia,-54.8,-68.3,-4.58,96,100,1.99,AR,1727745469
116,wailua homesteads,22.0669,-159.378,28.44,77,100,3.6,US,1727745470
117,brush,40.2589,-103.6238,16.57,31,0,5.14,US,1727745471
118,northam,51.0333,-4.2167,12.01,92,21,4.49,GB,1727745472
119,karachi,24.9056,67.0822,27.9,78,40,4.12,PK,1727745473
120,choma,-16.8065,26.9531,22.54,20,53,5.13,ZM,1727745474
121,nova sintra,14.8667,-24.7167,26.55,87,15,3.83,CV,1727745475
122,zemio,5.0314,25.1361,20.08,98,100,0.75,CF,1727745476
123,aoulef,26.9667,1.0833,33.2,20,0,7.96,DZ,1727745477
124,berdigestyakh,62.0989,126.6992,1.43,100,100,0.77,RU,1727745479
125,saryozek,44.3583,77.9753,10.14,16,24,1.32,KZ,1727745480
126,bijie,27.3125,105.2942,9.08,92,100,5.84,CN,1727745481
127,sretensk,52.2453,117.7093,4.22,47,34,2.4,RU,1727745482
128,hong kong,22.2855,114.1577,32.2,65,79,4.02,HK,1727745193
129,acarau,-2.8856,-40.12,25.42,80,8,8.63,BR,1727745484
130,eppingen,49.1369,8.9103,14.89,78,100,3.12,DE,1727745485
131,port shepstone,-30.7414,30.455,12.86,75,0,4.47,ZA,1727745486
132,hastings,50.8552,0.5729,11.55,40,78,10.52,GB,1727745487
133,lebu,-37.6167,-73.65,9.21,89,57,2.96,CL,1727745488
134,ambodifotatra,-16.9833,49.85,23.83,72,2,4.62,MG,1727745489
135,amahai,-3.3333,128.9167,27.22,80,95,1.06,ID,1727745490
136,mount isa,-20.7333,139.5,31.87,19,0,5.14,AU,1727745492
137,margaret river,-33.95,115.0667,15.89,67,99,1.88,AU,1727745302
138,carrick-on-suir,52.3492,-7.4131,10.31,95,36,2.95,IE,1727745494
139,nemuro,43.3236,145.575,18.13,87,29,5.37,JP,1727745495
140,santo antonio do ica,-3.1022,-67.9397,25.29,69,8,0.64,BR,1727745496
141,rongelap,11.1635,166.8941,28.44,76,100,4.07,MH,1727745497
142,bandundu,-3.3167,17.3667,23.86,84,7,1.43,CD,1727745498
143,port elizabeth,-33.918,25.5701,10.17,78,0,9.77,ZA,1727745499
144,hobyo,5.3505,48.5268,24.7,85,38,5.54,SO,1727745500
145,diego de almagro,-26.3667,-70.05,15.92,43,4,1.33,CL,1727745501
146,tosno,59.54,30.8775,3.03,83,98,1.65,RU,1727745504
147,ta`u,-14.2336,-169.5144,24.8,86,100,3.98,AS,1727745505
148,crucecita,-28.95,-58.9833,29.33,39,5,4.49,AR,1727745506
149,umba,66.6871,34.3429,3.92,81,94,6.55,RU,1727745507
150,blagoveshchensk,50.2667,127.5333,6.34,49,20,2.0,RU,1727745508
151,remire-montjoly,4.9167,-52.2667,27.02,83,0,2.06,GF,1727745509
152,mayya,61.7333,130.2811,1.5,99,100,0.5,RU,1727745510
153,college,64.8569,-147.8028,12.99,34,20,3.6,US,1727745511
154,weno,7.4515,151.8468,30.97,79,75,3.6,FM,1727745512
155,hasaki,35.7333,140.8333,24.0,95,100,4.89,JP,1727745513
156,ringkobing,56.0901,8.244,9.99,71,20,6.17,DK,1727745514
157,bredasdorp,-34.5322,20.0403,8.9,71,38,2.66,ZA,1727745515
158,ha'il,27.5219,41.6907,23.01,27,0,1.03,SA,1727745517
159,puerto baquerizo moreno,-0.9,-89.6,20.07,87,100,4.93,EC,1727745518
160,antofagasta,-23.65,-70.4,15.6,82,47,3.38,CL,1727745519
161,krasnokholm,51.5979,54.1567,10.82,42,0,3.57,RU,1727745520
162,woolgoolga,-30.1106,153.2007,20.93,62,0,5.77,AU,1727745521
163,dahab,28.501,34.5134,27.27,45,0,5.02,EG,1727745522
164,vammala,61.3333,22.9,3.3,84,12,2.2,FI,1727745523
165,sitka,57.0531,-135.33,12.94,54,100,9.26,US,1727745524
166,brak,27.5496,14.2714,25.17,44,0,4.95,LY,1727745525
167,jamestown,42.097,-79.2353,20.01,85,100,1.54,US,1727745526
168,petropavlovsk-kamchatsky,53.0452,158.6483,8.33,71,75,3.0,RU,1727745527
169,black river,18.0264,-77.8487,27.19,79,14,2.11,JM,1727745529
170,mondovi,44.396,7.8176,14.07,79,100,0.66,IT,1727745530
171,galesong,-5.3166,119.3661,29.48,61,43,0.5,ID,1727745531
172,tsiombe,-25.3,45.4833,22.28,59,7,1.98,MG,1727745532
173,galle,6.0367,80.217,27.74,83,25,0.45,LK,1727745533
174,richards bay,-28.783,32.0377,14.04,85,100,4.82,ZA,1727745534
175,severo-yeniseyskiy,60.3725,93.0408,6.26,94,100,5.13,RU,1727745535
176,rio grande city,26.3798,-98.8203,31.78,33,0,4.49,US,1727745536
177,cambria,35.5641,-121.0808,21.51,54,0,1.24,US,1727745538
178,salaberry-de-valleyfield,45.2501,-74.1325,15.95,85,0,3.29,CA,1727745539
179,dwarka,22.2394,68.9678,27.47,81,19,5.02,IN,1727745541
180,ulsteinvik,62.3432,5.8487,12.09,81,100,3.21,NO,1727745542
181,utrik,11.2278,169.8474,27.69,77,100,4.17,MH,1727745543
182,lido di jesolo,45.5069,12.6469,14.97,100,100,2.34,IT,1727745545
183,lompoc,34.6391,-120.4579,26.5,94,1,3.6,US,1727745546
184,sampit,-2.5333,112.95,28.55,74,87,0.68,ID,1727745547
185,taro,-8.3862,115.28,25.74,71,93,1.42,ID,1727745548
186,saipan,15.1355,145.701,32.39,66,40,5.66,MP,1727745549
187,qamdo,31.1667,97.2333,9.17,45,4,0.64,CN,1727745550
188,tual,-5.6667,132.75,27.42,77,98,7.79,ID,1727745552
189,laojunmiao,39.8333,97.7333,6.3,18,0,0.82,CN,1727745553
190,sur,22.5667,59.5289,28.16,69,0,1.9,OM,1727745554
191,ambatondrazaka,-17.8333,48.4167,17.2,84,100,0.38,MG,1727745555
192,hermanus,-34.4187,19.2345,11.47,63,94,2.23,ZA,1727745556
193,camana,-16.6228,-72.7111,16.3,92,100,3.15,PE,1727745557
194,touros,-5.1989,-35.4608,24.64,74,5,7.58,BR,1727745558
195,jutai,-5.1833,-68.9,23.9,78,92,0.69,BR,1727745559
196,dryden,49.7833,-92.7503,13.16,50,100,9.77,CA,1727745560
197,nebraska city,40.6767,-95.8592,24.24,28,0,6.17,US,1727745561
198,anadyr,64.75,177.4833,8.28,81,40,8.0,RU,1727745562
199,punta arenas,-53.15,-70.9167,2.06,93,0,2.57,CL,1727745564
200,hsinchu,24.8036,120.9686,31.85,77,51,0.89,TW,1727745565
201,maintirano,-18.0667,44.0167,23.16,87,0,3.09,MG,1727745566
202,nguigmi,14.2495,13.1092,32.01,32,60,2.62,NE,1727745567
203,kingston,17.997,-76.7936,29.53,79,20,3.6,JM,1727745568
204,sterling,39.0062,-77.4286,18.49,86,100,2.57,US,1727745569
205,westport,41.1415,-73.3579,17.87,81,0,4.12,US,1727745272
206,tofol,5.3248,163.0078,31.88,70,75,3.09,FM,1727745571
207,murray bridge,-35.1167,139.2667,18.74,50,2,4.25,AU,1727745572
208,guasdualito,7.2424,-70.7324,25.09,77,12,1.45,VE,1727745573
209,la junta,37.985,-103.5438,23.16,23,0,8.23,US,1727745574
210,menaka,15.9182,2.4022,32.85,42,3,2.42,ML,1727745576
211,iskateley,67.6803,53.1512,4.27,73,100,12.05,RU,1727745577
212,yellowknife,62.456,-114.3525,3.01,99,75,7.2,CA,1727745507
213,juneau,58.3019,-134.4197,8.0,91,100,2.57,US,1727745387
214,la ferte-mace,48.59,-0.358,10.51,96,100,3.62,FR,1727745580
215,swan hill,-35.3378,143.5544,20.2,39,0,4.83,AU,1727745581
216,cidreira,-30.1811,-50.2056,20.12,87,5,5.8,BR,1727745582
217,zizur mayor,42.7879,-1.6907,13.39,94,0,0.0,ES,1727745583
218,west island,-12.1568,96.8225,25.99,94,100,7.2,CC,1727745584
219,kuala terengganu,5.3302,103.1408,27.97,83,20,2.57,MY,1727745585
220,mournies,35.4764,24.0092,30.04,82,20,0.0,GR,1727745586
221,egilsstadir,65.2653,-14.3948,1.95,87,0,2.57,IS,1727745587
222,kargasok,59.0556,80.8572,9.88,90,100,5.4,RU,1727745589
223,nagqu,31.5,92.0,5.01,49,0,1.12,CN,1727745590
224,eregli,37.5133,34.0467,14.26,66,81,1.71,TR,1727745591
225,port lincoln,-34.7333,135.8667,16.62,64,10,2.14,AU,1727745592
226,wenling,28.3669,121.36,25.14,88,100,2.99,CN,1727745593
227,rio grande,-32.035,-52.0986,19.79,88,100,3.04,BR,1727745594
228,uryupinsk,50.8047,42.0138,12.39,35,0,4.56,RU,1727745595
229,neryungri,56.6709,124.6491,2.22,78,90,1.61,RU,1727745599
230,mogadishu,2.0371,45.3438,25.52,79,97,4.93,SO,1727745600
231,dalhart,36.0595,-102.5133,27.01,28,0,2.06,US,1727745436
232,bayji,34.9311,43.487,26.58,18,0,3.3,IQ,1727745603
233,gurupi,-11.7292,-49.0686,31.82,29,97,2.72,BR,1727745604
234,sianow,54.2265,16.2913,6.36,59,3,4.28,PL,1727745605
235,carutapera,-1.195,-46.02,25.64,80,17,4.27,BR,1727745606
236,bowen,-20.0167,148.2333,24.64,68,0,5.55,AU,1727745607
237,castillos,-34.1667,-53.8333,19.57,99,100,2.31,UY,1727745608
238,balabac,7.9868,117.0645,28.94,73,97,2.11,PH,1727745610
239,lagos,6.5833,3.75,24.06,93,100,1.67,NG,1727745549
240,vorgashor,67.5833,63.95,3.03,71,100,13.77,RU,1727745612
241,ancud,-41.8697,-73.8203,4.3,71,27,4.34,CL,1727745613
242,micheweni,-4.9667,39.8333,24.09,84,100,1.56,TZ,1727745614
243,sao raimundo nonato,-9.0153,-42.6994,26.76,41,100,2.35,BR,1727745615
244,sandnessjoen,66.0217,12.6316,8.98,70,100,14.41,NO,1727745616
245,la gi,10.6667,107.7833,27.81,81,77,2.6,VN,1727745617
246,usogorsk,63.4106,48.6872,3.86,83,100,4.73,RU,1727745618
247,yinchuan,38.4681,106.2731,9.1,24,0,1.07,CN,1727745619
248,mezhdurechensk,53.6942,88.0603,6.86,87,100,1.76,RU,1727745364
249,al burayqah,30.4062,19.5739,23.57,67,46,4.46,LY,1727745622
250,arenapolis,-14.4503,-56.8461,28.68,45,100,3.16,BR,1727745624
251,laascaanood,8.4774,47.3597,22.57,78,40,6.68,SO,1727745625
252,sola,-13.8833,167.55,26.63,74,100,1.57,VU,1727745626
253,siran,40.1894,39.1267,14.29,67,89,0.48,TR,1727745627
254,lethem,3.3803,-59.7968,27.64,69,100,1.02,GY,1727745628
255,port augusta,-32.5,137.7667,19.09,49,0,5.21,AU,1727745629
256,torgelow,53.6333,14.0167,9.09,75,25,1.34,DE,1727745630
257,forbes,-33.3833,148.0167,20.49,32,0,3.69,AU,1727745631
258,canutama,-6.5339,-64.3831,24.75,80,100,0.92,BR,1727745632
259,manfalut,27.3104,30.97,25.09,57,0,4.04,EG,1727745633
260,chonchi,-42.6128,-73.8092,3.95,88,20,1.18,CL,1727745634
261,waajid,3.8096,43.2463,23.19,77,89,6.41,SO,1727745635
262,lushun,38.8,121.2667,17.12,48,0,6.2,CN,1727745637
263,kailua-kona,19.6406,-155.9956,28.98,75,40,4.63,US,1727745638
264,freetown,8.484,-13.2299,25.0,88,94,2.47,SL,1727745639
265,wonju,37.3514,127.9453,18.27,85,100,1.99,KR,1727745640
266,fada,7.25,4.0667,22.41,99,100,1.14,NG,1727745641
267,taltal,-25.4,-70.4833,15.48,79,41,1.76,CL,1727745642
268,illizi,26.4833,8.4667,27.79,28,0,4.52,DZ,1727745643
269,santa cruz,-17.8,-63.1667,29.7,62,9,5.66,BO,1727745644
270,hampton bays,40.869,-72.5176,15.54,85,0,1.54,US,1727745645
271,flying fish cove,-10.4217,105.6791,26.82,89,100,6.69,CX,1727745646
272,praia da vitoria,38.7333,-27.0667,25.14,83,40,4.86,PT,1727745647
273,wangkui,46.8333,126.5,10.21,42,15,2.67,CN,1727745648
274,vikulovo,56.8167,70.6107,8.37,73,53,3.1,RU,1727745650
275,atafu village,-8.5421,-172.5159,28.35,73,27,4.13,TK,1727745651
276,darhan,49.4867,105.9228,1.61,51,98,3.69,MN,1727745652
277,klyuchi,52.2667,79.1667,11.69,50,9,3.14,RU,1727745653
278,soio,-6.1349,12.3689,23.84,88,95,3.87,AO,1727745654
279,cuito,-12.3833,16.9333,16.85,44,53,2.6,AO,1727745655
280,khost,33.3395,69.9204,22.06,33,0,2.88,AF,1727745656
281,greymouth,-42.4667,171.2,13.67,69,100,3.22,NZ,1727745657
282,aripuana,-9.1667,-60.6333,22.55,97,99,1.56,BR,1727745658
283,la huacana,18.9667,-101.8167,24.44,94,94,1.26,MX,1727745659
284,sabang,5.8933,95.3214,28.29,76,100,4.48,ID,1727745660
285,mogocha,53.7333,119.7667,3.76,55,29,0.92,RU,1727745661
286,georgetown,5.4112,100.3354,27.96,82,20,2.06,MY,1727745663
287,santyoku,37.4406,129.1708,22.49,68,97,1.83,KR,1727745665
288,buka,40.8108,69.1986,12.56,56,2,1.75,UZ,1727745666
289,muang phonsavan,19.45,103.2167,20.83,97,99,1.22,LA,1727745667
290,labuan bajo,-8.4964,119.8877,29.27,68,2,1.33,ID,1727745668
291,port alfred,-33.5906,26.891,9.54,74,53,1.34,ZA,1727745669
292,sovetskiy,61.3614,63.5842,6.54,69,2,4.75,RU,1727745670
293,crane,31.3974,-102.3501,27.69,21,0,4.34,US,1727745671
294,opuwo,-18.0607,13.84,16.32,28,0,0.9,NA,1727745672
295,plettenberg bay,-34.0527,23.3716,10.23,80,92,5.68,ZA,1727745674
296,porto tolle,44.9497,12.3245,17.71,61,100,2.52,IT,1727745675
297,kavieng,-2.5744,150.7967,29.78,72,45,7.09,PG,1727745676
298,talcahuano,-36.7167,-73.1167,12.82,88,100,3.09,CL,1727745677
299,pokhara,28.2333,83.9833,20.33,84,32,1.45,NP,1727745678
300,mukalla,14.5425,49.1242,25.85,81,57,4.25,YE,1727745679
301,caranguejeira,39.7462,-8.7074,16.68,93,100,1.03,PT,1727745680
302,arawa,-6.2132,155.5367,30.91,64,45,2.28,PG,1727745681
303,truth or consequences,33.1284,-107.2528,33.13,13,0,0.0,US,1727745682
304,mirny,62.5353,113.9611,3.16,97,100,4.53,RU,1727745683
305,lydenburg,-25.0978,30.4597,6.56,18,0,2.25,ZA,1727745684
306,vadso,70.0744,29.7487,4.09,70,20,8.75,NO,1727745685
307,wajir,1.7471,40.0573,25.15,63,31,6.6,KE,1727745686
308,beyneu,45.3167,55.2,13.45,39,0,4.89,KZ,1727745688
309,lander,42.833,-108.7307,13.45,19,0,3.6,US,1727745689
310,kiunga,-6.1219,141.2906,28.66,65,100,1.39,PG,1727745690
311,murtosa,40.7553,-8.6585,17.26,17,100,0.44,PT,1727745691
312,eyl,7.9803,49.8164,24.55,88,8,3.32,SO,1727745692
313,hafar al-batin,28.4328,45.9708,30.32,25,0,6.17,SA,1727745693
314,lorengau,-2.0226,147.2712,28.98,80,37,5.47,PG,1727745694
315,selkirk,50.1436,-96.8845,11.77,56,81,4.02,CA,1727745695
316,sokoni,-6.4333,39.55,24.75,80,100,2.23,TZ,1727745696
317,nanning,22.8167,108.3167,25.25,81,43,6.12,CN,1727745697
318,puerto deseado,-47.7503,-65.8938,5.46,52,44,7.18,AR,1727745698
319,ouled mimoun,34.9047,-1.0339,24.19,61,52,2.06,DZ,1727745699
320,goulburn,-34.75,149.7167,16.55,57,0,1.79,AU,1727745700
321,colonia,50.9333,6.95,14.47,88,40,4.12,DE,1727745702
322,quellon,-43.1167,-73.6167,3.29,73,11,3.84,CL,1727745703
323,pingliang,35.5392,106.6861,8.93,38,0,0.64,CN,1727745704
324,cestos city,5.46,-9.5828,24.6,92,99,3.52,LR,1727745705
325,katsuren-haebaru,26.3369,127.8719,31.01,81,75,4.63,JP,1727745707
326,la carolina,38.2756,-3.6153,19.3,40,5,0.55,ES,1727745709
327,anaconda,46.1285,-112.9423,8.13,26,29,1.94,US,1727745711
328,grand gaube,-20.0064,57.6608,22.99,79,10,1.34,MU,1727745712
329,talnakh,69.4865,88.3972,2.09,99,100,2.66,RU,1727745713
330,nili,33.7218,66.1302,10.0,66,0,0.91,AF,1727745714
331,uturoa,-16.7333,-151.4333,26.63,77,48,3.37,PF,1727745715
332,manokwari,-0.8667,134.0833,28.65,70,100,1.82,ID,1727745716
333,saint-francois,46.4154,3.9054,14.25,89,100,1.03,FR,1727745717
334,san patricio,28.017,-97.5169,25.97,51,0,5.22,US,1727745718
335,senador jose porfirio,-2.5908,-51.9542,27.53,66,11,1.87,BR,1727745719
336,vilyuchinsk,52.9306,158.4028,9.15,79,100,1.31,RU,1727745720
337,sambava,-14.2667,50.1667,22.23,84,30,3.78,MG,1727745721
338,san jose,37.3394,-121.895,32.22,27,0,3.6,US,1727745595
339,makamba,-4.1348,29.804,18.47,77,69,0.93,BI,1727745724
340,kindu,-2.95,25.95,20.98,87,98,0.67,CD,1727745725
341,zeya,53.75,127.2667,6.32,51,12,0.77,RU,1727745726
342,kourou,5.1552,-52.6478,25.59,86,18,2.56,GF,1727745727
343,kuta,-8.7233,115.1723,28.97,84,40,5.66,ID,1727745728
344,yeniseysk,58.4497,92.1703,9.48,96,100,4.68,RU,1727745729
345,hun,29.1268,15.9477,21.16,56,0,1.66,LY,1727745730
346,bac lieu,9.285,105.7244,28.45,78,75,3.82,VN,1727745731
347,pisco,-13.7,-76.2167,17.03,88,0,5.14,PE,1727745732
348,skowhegan,44.7651,-69.7192,15.28,72,46,1.76,US,1727745733
349,al ghayzah,16.2079,52.176,26.6,75,67,3.6,YE,1727745734
350,espiye,40.9479,38.7115,19.57,95,100,6.03,TR,1727745736
351,namibe,-15.1961,12.1522,16.83,90,40,2.27,AO,1727745737
352,majuro,7.0897,171.3803,30.98,70,100,4.12,MH,1727745738
353,smithers,54.7804,-127.1743,3.18,93,100,3.6,CA,1727745739
354,az zuwaytinah,30.9522,20.1202,22.62,62,54,4.23,LY,1727745740
355,labrador city,52.9463,-66.9114,7.88,72,0,4.92,CA,1727745741
356,balkashino,52.5167,68.7667,9.74,42,14,1.92,KZ,1727745742
357,viedma,-40.8135,-62.9967,8.23,73,100,5.4,AR,1727745743
358,shiyan,32.6475,110.7781,15.12,75,100,1.0,CN,1727745744
359,mamou,10.5,-12.0,20.66,97,100,0.68,GN,1727745745
360,kili,5.6439,169.1211,28.91,75,100,8.45,MH,1727745746
361,kashgar,39.4547,75.9797,12.56,50,75,5.0,CN,1727745747
362,mccook,40.2019,-100.6257,19.03,20,0,6.17,US,1727745749
363,momlingen,49.8597,9.0833,14.4,93,100,4.46,DE,1727745750
364,mulanje,-16.0316,35.5,23.86,36,0,3.83,MW,1727745751
365,al muwayh,22.4333,41.7583,25.87,40,8,3.37,SA,1727745752
366,timbuktu,16.7735,-3.0074,33.94,32,8,3.72,ML,1727745753
367,magnitogorsk,53.4186,59.0472,3.46,81,50,4.0,RU,1727745754
368,luwuk,-0.9516,122.7875,28.22,63,22,2.81,ID,1727745755
369,ghat,24.9647,10.1728,26.93,30,0,2.48,LY,1727745756
370,kainantu,-6.2887,145.8655,24.97,49,92,3.22,PG,1727745757
371,corner brook,48.9667,-57.9484,9.32,96,99,2.04,CA,1727745758
372,badger,64.8,-147.5333,13.14,34,40,3.6,US,1727745761
373,punto fijo,11.6956,-70.1996,28.03,73,95,2.34,VE,1727745764
374,ilha de mocambique,-15.0342,40.7358,25.2,87,5,5.83,MZ,1727745765
375,mount gambier,-37.8333,140.7667,15.73,60,14,3.94,AU,1727745604
376,tacuarembo,-31.7333,-55.9833,23.69,70,100,3.56,UY,1727745767
377,trevelin,-43.0858,-71.4639,-1.32,89,6,2.61,AR,1727745768
378,necochea,-38.5473,-58.7368,9.8,92,5,8.16,AR,1727745770
379,keita,14.7551,5.7749,29.92,38,64,2.3,NE,1727745771
380,palikir - national government center,6.9248,158.1611,31.47,74,100,3.6,FM,1727745772
381,cidade velha,14.9167,-23.6167,26.26,89,40,3.09,CV,1727745773
382,gornozavodsk,58.3758,58.3211,5.71,94,16,2.0,RU,1727745774
383,la ronge,55.1001,-105.2842,7.14,61,75,3.6,CA,1727745775
384,aldinga beach,-35.2793,138.4604,16.71,73,16,3.21,AU,1727745776
385,zhanibek,49.4167,46.85,13.15,33,0,4.7,KZ,1727745777
386,monrovia,6.3005,-10.7969,24.43,92,100,1.91,LR,1727745632
387,kyzyl-suu,42.3414,78.0056,10.75,47,100,2.82,KG,1727745779
388,sevsk,52.1491,34.4926,9.98,48,4,4.09,RU,1727745782
389,salalah,17.0151,54.0924,27.05,78,75,3.6,OM,1727745783
390,solnechnyy,50.7214,136.6319,6.97,72,100,1.65,RU,1727745784
391,copala,16.65,-98.9833,24.81,89,93,1.7,MX,1727745786
392,balykshi,47.0667,51.8667,10.0,43,0,5.0,KZ,1727745787
393,dudinka,69.4058,86.1778,3.03,96,100,6.15,RU,1727745788
394,lelystad,52.5083,5.475,13.94,92,98,0.89,NL,1727745789
395,tanumah,27.1,44.1333,26.67,16,0,4.67,SA,1727745790
396,st. john's,47.5649,-52.7093,13.32,93,100,4.92,CA,1727745622
397,flin flon,54.7682,-101.865,6.67,70,8,6.78,CA,1727745793
398,tazacorte,28.629,-17.9293,20.54,80,0,5.14,ES,1727745794
399,changping,40.2186,116.2197,13.94,28,0,5.92,CN,1727745795
400,vanino,49.0869,140.2543,12.4,59,100,3.71,RU,1727745796
401,sedro-woolley,48.5039,-122.2361,15.34,81,75,5.14,US,1727745536
402,sandpoint,48.2766,-116.5533,14.45,36,0,2.06,US,1727745798
403,tazovsky,67.4667,78.7,2.32,85,92,8.85,RU,1727745799
404,dongsheng,39.8161,109.9776,4.26,39,0,11.72,CN,1727745800
405,sargur,11.9833,76.4167,21.35,88,15,0.72,IN,1727745801
406,mimizan,44.2006,-1.2289,16.1,94,71,1.43,FR,1727745802
407,kisii,-0.6817,34.7667,15.41,87,96,1.43,KE,1727745804
408,palmer,42.1584,-72.3287,16.95,73,97,2.09,US,1727745805
409,yamada,39.4667,141.95,23.02,65,0,2.31,JP,1727745806
410,san carlos,9.6612,-68.5827,24.26,89,5,1.47,VE,1727745668
411,christchurch,-43.5333,172.6333,20.18,55,57,2.57,NZ,1727745520
412,chiredzi,-21.05,31.6667,20.89,71,70,3.88,ZW,1727745809
413,khandyga,62.6667,135.6,0.91,93,100,2.41,RU,1727745810
414,brokopondo,4.75,-55.1667,26.55,82,94,4.17,SR,1727745811
415,pathein,16.7833,94.7333,26.53,91,100,3.15,MM,1727745812
416,bel ombre,-4.6167,55.4167,26.91,78,40,6.69,SC,1727745813
417,silver city,32.7701,-108.2803,24.06,30,98,2.68,US,1727745814
418,mar del plata,-38.0023,-57.5575,13.01,78,0,3.6,AR,1727745815
419,mount pearl,47.5166,-52.7813,12.86,94,100,3.09,CA,1727745817
420,sao joao da barra,-21.6403,-41.0511,22.88,88,0,6.75,BR,1727745818
421,zambezi,-13.5432,23.1047,22.14,43,99,3.14,ZM,1727745819
422,tvoroyri,61.5556,-6.8111,8.43,83,40,7.75,FO,1727745820
423,itaporanga,-7.3044,-38.1503,25.59,53,100,5.56,BR,1727745821
424,ambovombe,-25.1667,46.0833,22.69,63,51,1.58,MG,1727745822
425,peace river,56.2501,-117.286,8.17,49,100,3.09,CA,1727745823
426,morant bay,17.8815,-76.4093,27.17,84,6,2.29,JM,1727745824
427,kalmunai,7.4167,81.8167,26.79,84,82,4.17,LK,1727745825
428,yuzhno-kurilsk,44.0306,145.8556,17.95,98,100,2.8,RU,1727745827
429,port-gentil,-0.7193,8.7815,24.8,85,100,5.27,GA,1727745829
430,pervomayskoye,43.919,46.7102,16.3,63,0,6.73,RU,1727745830
431,sattahip,12.6664,100.9007,29.05,84,20,1.03,TH,1727745831
432,kisaran,2.9845,99.6158,24.63,95,100,1.08,ID,1727745832
433,bilohirsk,45.05,34.6,18.32,91,100,0.8,UA,1727745833
434,porto novo,6.4965,2.6036,24.29,87,96,2.35,BJ,1727745835
435,ishigaki,24.3448,124.1572,31.07,84,75,7.72,JP,1727745836
436,novodvinsk,64.4165,40.8122,2.86,89,4,3.07,RU,1727745837
437,yekaterinoslavka,50.3734,129.1139,6.86,54,0,1.88,RU,1727745838
438,takaungu,-3.6837,39.8566,23.68,87,100,1.73,KE,1727745840
439,toba,34.4833,136.85,23.6,77,86,5.48,JP,1727745841
440,jabor,5.921,169.6434,28.71,75,100,7.84,MH,1727745842
441,alotau,-10.3069,150.4462,29.06,72,71,3.03,PG,1727745843
442,kozan,37.4552,35.8157,19.29,78,0,3.26,TR,1727745844
443,grand falls-windsor,48.9332,-55.6649,10.28,93,100,2.24,CA,1727745845
444,raja,8.4596,25.678,20.69,96,99,0.97,SS,1727745846
445,san luis de la loma,17.2706,-100.8939,26.23,86,76,1.24,MX,1727745847
446,sokcho,38.2083,128.5911,23.34,64,75,3.09,KR,1727745848
447,whakatane,-37.9585,176.9854,14.83,68,100,3.0,NZ,1727745849
448,fort st. john,56.2499,-120.8529,7.94,53,75,6.69,CA,1727745850
449,rikaze,29.25,88.8833,13.5,54,0,1.52,CN,1727745852
450,inongo,-1.95,18.2667,21.7,89,99,2.37,CD,1727745853
451,mejit,10.2753,170.8646,27.58,77,96,4.58,MH,1727745854
452,sinabang,2.4803,96.3801,26.58,84,100,1.89,ID,1727745855
453,agartala,23.8364,91.275,28.01,94,75,2.06,IN,1727745856
454,khaga,25.7833,81.1167,25.54,86,5,2.67,IN,1727745858
455,antonio enes,-16.2325,39.9086,24.47,87,10,5.88,MZ,1727745859
456,queenstown,-31.8976,26.8753,3.01,61,3,6.36,ZA,1727745612
457,hithadhoo,-0.6,73.0833,28.28,75,11,4.69,MV,1727745862
458,ingeniero jacobacci,-41.3427,-69.5448,5.17,61,4,6.16,AR,1727745863
459,itoman,26.1247,127.6694,31.01,79,40,6.17,JP,1727745864
460,isangel,-19.55,169.2667,27.06,74,75,3.09,VU,1727745865
461,nantucket,41.2835,-70.0995,15.64,94,0,2.57,US,1727745866
462,el granada,37.5027,-122.4694,26.55,52,0,8.75,US,1727745867
463,gizo,-8.103,156.8419,29.02,71,67,1.47,SB,1727745868
464,karratha,-20.7377,116.8463,29.4,37,0,3.86,AU,1727745869
465,yaren,-0.5472,166.916,28.63,72,90,4.57,NR,1727745870
466,malango,-2.9627,119.9001,25.56,66,96,1.7,ID,1727745871
467,palenque,17.5167,-91.9667,28.09,83,40,0.0,MX,1727745872
468,at taj,24.2049,23.2857,24.15,47,0,4.44,LY,1727745873
469,bubaque,11.2833,-15.8333,27.24,80,38,4.07,GW,1727745874
470,yerofey pavlovich,53.9667,121.9667,4.03,50,92,1.38,RU,1727745876
471,usinsk,65.9939,57.5281,4.14,72,100,13.09,RU,1727745877
472,mersa matruh,31.3525,27.2453,24.7,66,99,3.34,EG,1727745878
473,chandler,33.3062,-111.8412,39.32,18,20,5.66,US,1727745657
474,nabire,-3.3667,135.4833,30.32,63,100,1.91,ID,1727745880
475,garoua boulai,5.8833,14.55,18.69,95,100,0.33,CM,1727745881
476,rawson,-43.3002,-65.1023,3.16,87,20,1.03,AR,1727745882
477,alamogordo,32.8995,-105.9603,27.9,20,0,0.0,US,1727745883
478,tralee,52.2704,-9.7026,10.9,91,76,2.03,IE,1727745885
479,colby,39.3958,-101.0524,18.89,26,0,7.72,US,1727745886
480,malvan,16.0667,73.4667,26.05,91,11,3.82,IN,1727745887
481,koulamoutou,-1.1303,12.4736,21.76,99,100,0.99,GA,1727745889
482,tekkalakote,15.5333,76.8833,25.51,77,7,2.58,IN,1727745890
483,jeddah,21.5169,39.2192,29.92,62,0,2.06,SA,1727745891
484,harper,4.375,-7.7169,24.64,89,97,4.54,LR,1727745892
485,arraial do cabo,-22.9661,-42.0278,21.98,73,20,5.66,BR,1727745893
486,broome,42.2506,-75.833,18.25,80,100,2.57,US,1727745630
487,zanjan,36.6736,48.4787,12.26,66,0,2.7,IR,1727745895
488,el rosario,24.2556,-107.1828,27.92,78,15,3.19,MX,1727745896
489,ippy,6.2679,21.2247,19.7,96,100,1.26,CF,1727745897
490,loen,7.7601,168.2307,29.27,72,100,7.81,MH,1727745898
491,simanggang,1.2472,111.4528,25.99,94,20,1.54,MY,1727745899
492,polyarnyy,69.1989,33.4478,1.87,76,94,6.37,RU,1727745900
493,rancho palos verdes,33.7445,-118.387,21.16,87,20,6.17,US,1727745902
494,show low,34.2542,-110.0298,24.16,23,0,3.09,US,1727745903
495,saint-pierre,-21.3393,55.4781,19.82,68,0,1.54,RE,1727745904
496,omaruru,-21.4333,15.9333,14.53,19,0,4.06,NA,1727745905
497,turbat,26.0023,63.044,26.87,74,0,1.87,PK,1727745906
498,dalbandin,28.8947,64.4101,24.36,25,6,3.49,PK,1727745907
499,cockburn town,21.4612,-71.1419,29.26,72,6,6.25,TC,1727745908
500,arroyo,41.6096,-4.7969,16.02,61,0,3.09,ES,1727745909
501,ilebo,-4.3167,20.5833,22.01,93,64,0.49,CD,1727745910
502,portland,45.5234,-122.6762,22.65,33,15,4.47,US,1727745405
503,yilan,24.757,121.753,29.73,73,84,6.06,TW,1727745912
504,afaahiti,-17.75,-149.2833,25.18,81,31,4.33,PF,1727745914
505,choyr,46.3611,108.3611,-2.13,58,0,3.88,MN,1727745915
506,tonghae,37.5439,129.1069,21.79,69,100,2.98,KR,1727745916
507,akureyri,65.6835,-18.0878,-0.04,93,100,1.03,IS,1727745917
508,pemangkat,1.1667,108.9667,25.35,87,100,2.19,ID,1727745918
509,carlisle,40.2015,-77.1889,17.8,69,100,1.16,US,1727745919
510,nadym,65.5333,72.5167,3.03,80,23,10.38,RU,1727745920
511,jatai,-17.8814,-51.7144,26.13,35,0,1.58,BR,1727745921
512,xinyuan,37.3,99.0,2.3,15,0,2.3,CN,1727745923
513,kuruman,-27.4524,23.4325,4.03,47,0,3.56,ZA,1727745924
514,tocopilla,-22.092,-70.1979,17.97,70,100,5.15,CL,1727745925
515,san juan de miraflores,-12.1629,-76.9635,18.43,81,98,5.36,PE,1727745926
516,omdurman,15.6445,32.4777,31.11,46,22,6.14,SD,1727745927
517,odate,40.2686,140.5683,23.08,68,20,1.03,JP,1727745928
518,dese,11.1333,39.6333,12.11,77,71,1.44,ET,1727745929
519,puerto madero,14.7208,-92.4215,25.11,94,75,2.57,MX,1727745930
520,taoudenni,22.6783,-3.9836,34.85,19,1,7.42,ML,1727745931
521,egersund,58.4513,5.9997,10.99,75,100,8.79,NO,1727745932
522,ottawa,45.4112,-75.6981,15.42,92,0,2.06,CA,1727745904
523,san antonio de pale,-1.4014,5.6325,24.76,81,100,5.35,GQ,1727745935
524,horta,38.5333,-28.6333,23.9,95,100,7.6,PT,1727745936
525,ubinskoye,55.3068,79.6802,8.42,83,100,3.9,RU,1727745937
526,sanctuary point,-35.1114,150.629,18.53,57,0,3.67,AU,1727745938
527,vila velha,-20.3297,-40.2925,22.19,96,75,1.54,BR,1727745940
528,coahuayana de hidalgo,18.7,-103.6583,25.39,93,100,0.79,MX,1727745941
529,pozo alcon,37.7026,-2.9337,18.42,56,0,0.65,ES,1727745942
530,garoowe,8.4054,48.4845,22.95,79,43,3.03,SO,1727745943
531,kill devil hills,36.0307,-75.676,22.77,92,75,3.09,US,1727745944
532,nicoya,10.1483,-85.452,23.07,95,100,0.96,CR,1727745945
533,caxito,-8.5785,13.6643,22.5,85,96,1.18,AO,1727745947
534,boquira,-12.8231,-42.7306,22.94,37,20,3.74,BR,1727745948
535,laguna,38.421,-121.4238,33.1,28,0,4.12,US,1727745949
536,port saint john's,-31.6229,29.5448,13.57,54,0,8.22,ZA,1727745951
537,lock haven,41.137,-77.4469,18.47,99,100,1.13,US,1727745952
538,suva,-18.1416,178.4415,26.71,78,75,5.14,FJ,1727745953
539,lazaro cardenas,17.9583,-102.2,27.19,80,100,1.53,MX,1727745954
540,bileca,42.8719,18.4297,6.43,75,0,2.8,BA,1727745955
541,belmonte,-15.8631,-38.8828,22.42,78,0,3.39,BR,1727745956
542,tindouf,27.6711,-8.1474,29.25,28,0,2.06,DZ,1727745957
543,mirnyy,62.5353,113.9611,3.16,97,100,4.53,RU,1727745683
544,degtyarsk,56.704,60.0879,9.05,67,100,2.66,RU,1727745961
545,karyes,37.3,22.5,10.13,75,0,0.98,GR,1727745962
546,eichenzell,50.4934,9.6961,12.64,99,100,0.89,DE,1727745963
547,nizhnesortymskiy,62.4397,71.7603,5.45,72,2,6.74,RU,1727745964
548,al wafrah,28.6392,47.9306,26.39,68,0,6.62,KW,1727745965
549,escanaba,45.7453,-87.0646,17.98,100,0,2.57,US,1727745966
550,letterkenny,54.95,-7.7333,9.82,96,100,2.24,IE,1727745967
551,shemysheyka,52.892,45.3928,10.88,39,0,3.0,RU,1727745968
552,north haven,41.3909,-72.8595,16.38,92,0,0.45,US,1727745969
553,fuglafjordur,62.244,-6.814,6.56,79,100,2.97,FO,1727745971
554,tabou,4.423,-7.3528,24.43,90,96,3.98,CI,1727745972
555,douglas,41.3,-96.167,22.95,29,0,6.69,US,1727745973
556,ciudad lazaro cardenas,17.9583,-102.2,27.19,80,100,1.53,MX,1727745974
557,carlow,52.8408,-6.9261,9.12,98,37,2.74,IE,1727745975
558,ishimbay,53.4545,56.0415,9.59,58,82,1.11,RU,1727745976
559,west bay,19.3667,-81.4167,29.04,79,20,4.63,KY,1727745977
560,heihe,50.2441,127.4902,6.32,41,3,2.01,CN,1727745978
561,bamboo flat,11.7,92.7167,28.05,83,40,1.03,IN,1727745979
562,catemaco,18.4167,-95.1167,22.61,96,94,1.67,MX,1727745980
563,arco,45.9177,10.8867,15.49,94,100,1.26,IT,1727745981
564,grimstad,58.3405,8.5934,11.02,75,100,7.62,NO,1727745983
565,kachkanar,58.7,59.4948,6.29,90,21,2.11,RU,1727745984
566,totness,5.8833,-56.3167,26.34,87,55,3.67,SR,1727745986
567,dawson creek,55.7666,-120.2362,8.8,43,0,4.12,CA,1727745987
568,don luan,11.5333,106.9167,26.41,88,100,1.92,VN,1727745988
569,harar,9.3094,42.1258,16.48,83,98,0.89,ET,1727745989
